<application>
  <component name="ProjectManager">
    <defaultProject>
      <component name="ProjectViewState">
        <option name="autoscrollFromSource" value="true" />
        <option name="compactDirectories" value="true" />
        <option name="hideEmptyMiddlePackages" value="true" />
        <option name="openDirectoriesWithSingleClick" value="true" />
        <option name="showLibraryContents" value="true" />
        <option name="showModules" value="false" />
        <option name="showScratchesAndConsoles" value="false" />
        <option name="showVisibilityIcons" value="true" />
      </component>
      <component name="PropertiesComponent">{}</component>
    </defaultProject>
  </component>
</application>