<application>
  <component name="DimensionService">
    <location key="find.popup.0.0.3840.2400@192dpi" x="960" y="376" />
    <location key="find.popup.0.0.3420.2214@192dpi" x="752" y="296" />
    <location key="find.popup.0.0.6016.2506@240dpi" x="1322" y="316" />
    <location key="find.popup.0.0.6016.2506@192dpi" x="1322" y="316" />
    <size key="GridCell.Tab.0.left.1710.0.3840.1600" width="3806" height="1094" />
    <size key="GridCell.Tab.0.center.1710.0.3840.1600" width="3806" height="1094" />
    <size key="GridCell.Tab.0.right.1710.0.3840.1600" width="3806" height="1094" />
    <size key="GridCell.Tab.0.bottom.1710.0.3840.1600" width="3806" height="1094" />
    <size key="find.popup.0.0.3840.2400@192dpi" width="1972" height="1524" />
    <size key="find.popup.0.0.3420.2214@192dpi" width="1400" height="1076" />
    <size key="GridCell.Tab.0.left.0.0.3420.2214@192dpi" width="2086" height="136" />
    <size key="GridCell.Tab.0.center.0.0.3420.2214@192dpi" width="2086" height="136" />
    <size key="GridCell.Tab.0.right.0.0.3420.2214@192dpi" width="2086" height="136" />
    <size key="GridCell.Tab.0.bottom.0.0.3420.2214@192dpi" width="2086" height="136" />
    <size key="GridCell.Tab.0.left.0.0.6016.2506@192dpi" width="4380" height="746" />
    <size key="GridCell.Tab.0.center.0.0.6016.2506@192dpi" width="4380" height="746" />
    <size key="GridCell.Tab.0.right.0.0.6016.2506@192dpi" width="4380" height="746" />
    <size key="GridCell.Tab.0.bottom.0.0.6016.2506@192dpi" width="4380" height="746" />
    <size key="GridCell.Tab.1.left.0.0.3420.2214@192dpi" width="3288" height="640" />
    <size key="GridCell.Tab.1.center.0.0.3420.2214@192dpi" width="3288" height="640" />
    <size key="GridCell.Tab.1.right.0.0.3420.2214@192dpi" width="3288" height="640" />
    <size key="GridCell.Tab.1.bottom.0.0.3420.2214@192dpi" width="3288" height="640" />
    <size key="GridCell.Tab.0.left.0.0.3840.1600" width="2681" height="277" />
    <size key="GridCell.Tab.0.center.0.0.3840.1600" width="2681" height="277" />
    <size key="GridCell.Tab.0.right.0.0.3840.1600" width="2681" height="277" />
    <size key="GridCell.Tab.0.bottom.0.0.3840.1600" width="2681" height="277" />
    <size key="GridCell.Tab.1.left.0.0.3840.1600" width="1644" height="320" />
    <size key="GridCell.Tab.1.center.0.0.3840.1600" width="1644" height="320" />
    <size key="GridCell.Tab.1.right.0.0.3840.1600" width="1644" height="320" />
    <size key="GridCell.Tab.1.bottom.0.0.3840.1600" width="1644" height="320" />
    <size key="GridCell.Tab.0.left.0.0.3420.2214@240dpi" width="2368" height="624" />
    <size key="GridCell.Tab.0.center.0.0.3420.2214@240dpi" width="2368" height="624" />
    <size key="GridCell.Tab.0.right.0.0.3420.2214@240dpi" width="2368" height="624" />
    <size key="GridCell.Tab.0.bottom.0.0.3420.2214@240dpi" width="2368" height="624" />
    <size key="GridCell.Tab.0.left.0.0.6016.2506@240dpi" width="5932" height="730" />
    <size key="GridCell.Tab.0.center.0.0.6016.2506@240dpi" width="5932" height="730" />
    <size key="GridCell.Tab.0.right.0.0.6016.2506@240dpi" width="5932" height="730" />
    <size key="GridCell.Tab.0.bottom.0.0.6016.2506@240dpi" width="5932" height="730" />
    <size key="find.popup.0.0.6016.2506@240dpi" width="3316" height="1872" />
    <size key="find.popup.0.0.6016.2506@192dpi" width="3742" height="1790" />
  </component>
  <component name="WindowManager">
    <frame x="0" y="39" width="1710" height="1068" extendedState="6" />
  </component>
  <component name="WindowStateApplicationService">
    <state width="959" height="120" key="ShowUsagesActions.dimensionServiceKey" timestamp="1744731124528">
      <screen x="0" y="25" width="3008" height="1228" />
    </state>
    <state width="959" height="120" key="ShowUsagesActions.dimensionServiceKey/-1920.43.1920.1200/0.25.3008.1228" timestamp="1744731124528" />
    <state width="1658" height="148" key="ShowUsagesActions.dimensionServiceKey/0.39.1710.1068" timestamp="1744380723064" />
    <state x="855" y="504" width="800" height="659" key="WELCOME_SCREEN" timestamp="1744831405773">
      <screen x="0" y="39" width="1710" height="1068" />
    </state>
    <state x="1280" y="485" width="800" height="650" key="WELCOME_SCREEN/-1920.25.1920.1055/0.25.2560.1055" timestamp="1740868469107" />
    <state x="1504" y="569" width="1000" height="813" key="WELCOME_SCREEN/-1920.43.1920.1200/0.25.3008.1228" timestamp="1744816184646" />
    <state x="1919" y="712" width="1797" height="972" key="WELCOME_SCREEN/0.25.3840.1575" timestamp="1744109267857" />
    <state x="855" y="504" width="800" height="659" key="WELCOME_SCREEN/0.39.1710.1068" timestamp="1744831405773" />
  </component>
</application>